PassengerId,target,Age,SibSp,Parch,Fare,Sex F,Pclass_1,Pclass_2,Pclass_3,probabilidade,classificacao
1,0,22.0,1,0,7.25,0,0,0,1,0.1192619625529914,0
2,1,38.0,1,0,71.2833,1,1,0,0,0.9147356701696177,1
3,1,26.0,0,0,7.925,1,0,0,1,0.5641379054601925,1
4,1,35.0,1,0,53.1,1,1,0,0,0.9104359129151794,1
5,0,35.0,0,0,8.05,0,0,0,1,0.1455961293146845,0
6,0,0.0,0,0,8.4583,0,0,0,1,0.14749836545746717,0
7,0,54.0,0,0,51.8625,0,1,0,0,0.2809742095812716,0
8,0,2.0,3,1,21.075,0,0,0,1,0.2985979488423368,0
9,1,27.0,0,2,11.1333,1,0,0,1,0.547266247376942,1
10,1,14.0,1,0,30.0708,1,0,1,0,0.7669558864066854,1
11,1,4.0,1,1,16.7,1,0,0,1,0.6388328787314461,1
12,1,58.0,0,0,26.55,1,1,0,0,0.6696140118440885,1
13,0,20.0,0,0,8.05,0,0,0,1,0.15239586240258707,0
14,0,39.0,1,5,31.275,0,0,0,1,0.1637946729247037,0
15,0,14.0,0,0,7.8542,1,0,0,1,0.59744107295006,1
16,1,55.0,0,0,16.0,1,0,1,0,0.7586712597241887,1
17,0,2.0,4,1,29.125,0,0,0,1,0.1973958002497011,0
18,1,0.0,0,0,13.0,0,0,1,0,0.32789018499063555,0
19,0,31.0,1,0,18.0,1,0,0,1,0.4760361483006775,0
20,1,0.0,0,0,7.225,1,0,0,1,0.6820530790658369,1
21,0,35.0,0,0,26.0,0,0,1,0,0.18908355805371446,0
22,1,34.0,0,0,13.0,0,0,1,0,0.17336686409178653,0
23,1,15.0,0,0,8.0292,1,0,0,1,0.606692193803788,1
24,1,28.0,0,0,35.5,0,1,0,0,0.38239459967359063,0
25,0,8.0,3,1,21.075,1,0,0,1,0.44121206473859625,0
26,1,38.0,1,5,31.3875,1,0,0,1,0.4127665933299606,0
27,0,0.0,0,0,7.225,0,0,0,1,0.13684221731816426,0
28,0,19.0,3,2,263.0,0,1,0,0,0.3138069038275988,0
29,1,0.0,0,0,7.8792,1,0,0,1,0.6784152161264007,1
30,0,0.0,0,0,7.8958,0,0,0,1,0.14490166966645576,0
31,0,40.0,0,0,27.7208,0,1,0,0,0.32041512206405065,0
32,1,0.0,1,0,146.5208,1,1,0,0,0.9183796616808403,1
33,1,0.0,0,0,7.75,1,0,0,1,0.7022959867480794,1
34,0,66.0,0,0,10.5,0,0,1,0,0.11163353781693018,0
35,0,28.0,1,0,82.1708,0,1,0,0,0.35185345400804535,0
36,0,42.0,1,0,52.0,0,1,0,0,0.2988243646466798,0
37,1,0.0,0,0,7.2292,0,0,0,1,0.1331693489209403,0
38,0,21.0,0,0,8.05,0,0,0,1,0.14955238250339817,0
39,0,18.0,2,0,18.0,1,0,0,1,0.46459315849995675,0
40,1,14.0,1,0,11.2417,1,0,0,1,0.5265538238387357,1
41,0,40.0,1,0,9.475,1,0,0,1,0.4069292090175372,0
42,0,27.0,1,0,21.0,1,0,1,0,0.6536744994057683,1
43,0,0.0,0,0,7.8958,0,0,0,1,0.1376533608393233,0
44,1,3.0,1,2,41.5792,1,0,1,0,0.8735162807439428,1
45,1,19.0,0,0,7.8792,1,0,0,1,0.5740804604631989,1
46,0,0.0,0,0,8.05,0,0,0,1,0.14420233380669958,0
47,0,0.0,1,0,15.5,0,0,0,1,0.13635865887536042,0
48,1,0.0,0,0,7.75,1,0,0,1,0.6917962707402677,1
49,0,0.0,2,0,21.6792,0,0,0,1,0.14027095913982174,0
50,0,18.0,1,0,17.8,1,0,0,1,0.47826791295345,0
51,0,7.0,4,1,39.6875,0,0,0,1,0.15060286461284558,0
52,0,21.0,0,0,7.8,0,0,0,1,0.15158324014639624,0
53,1,49.0,1,0,76.7292,1,1,0,0,0.9107189533812095,1
54,1,29.0,1,0,26.0,1,0,1,0,0.8130125943485869,1
55,0,65.0,0,1,61.9792,0,1,0,0,0.23948101368184752,0
56,1,0.0,0,0,35.5,0,1,0,0,0.3492798788692021,0
57,1,21.0,0,0,10.5,1,0,1,0,0.8469359274640839,1
58,0,28.5,0,0,7.2292,0,0,0,1,0.13589921375626976,0
59,1,5.0,1,2,27.75,1,0,1,0,0.8829987778506997,1
60,0,11.0,5,2,46.9,0,0,0,1,0.12701951048866453,0
61,0,22.0,0,0,7.2292,0,0,0,1,0.13434439622029062,0
62,1,38.0,0,0,80.0,1,1,0,0,0.9125218458640835,1
63,0,45.0,1,0,83.475,0,1,0,0,0.3603086281528712,0
64,0,4.0,3,2,27.9,0,0,0,1,0.2219861240574093,0
65,0,0.0,0,0,27.7208,0,1,0,0,0.3338103725726197,0
66,1,0.0,1,1,15.2458,0,0,0,1,0.3489472854893112,0
67,1,29.0,0,0,10.5,1,0,1,0,0.847448248531199,1
68,0,19.0,0,0,8.1583,0,0,0,1,0.15283358528981963,0
69,1,17.0,4,2,7.925,1,0,0,1,0.5609887570712196,1
70,0,26.0,2,0,8.6625,0,0,0,1,0.1303840787797655,0
71,0,32.0,0,0,10.5,0,0,1,0,0.1552088823684429,0
72,0,16.0,5,2,46.9,1,0,0,1,0.2515385227594558,0
73,0,21.0,0,0,73.5,0,0,1,0,0.26511848806318156,0
74,0,26.0,1,0,14.4542,0,0,0,1,0.1354052142868943,0
75,1,32.0,0,0,56.4958,0,0,0,1,0.4568262553809197,0
76,0,25.0,0,0,7.65,0,0,0,1,0.13496953254498847,0
77,0,0.0,0,0,7.8958,0,0,0,1,0.13543526954677268,0
78,0,0.0,0,0,8.05,0,0,0,1,0.14445306483206696,0
79,1,0.83,0,2,29.0,0,0,1,0,0.5672371539510627,1
80,1,30.0,0,0,12.475,1,0,0,1,0.5267457323689202,1
81,0,22.0,0,0,9.0,0,0,0,1,0.15063593866565414,0
82,1,29.0,0,0,9.5,0,0,0,1,0.18759100405550838,0
83,1,0.0,0,0,7.7875,1,0,0,1,0.6722393561461867,1
84,0,28.0,0,0,47.1,0,1,0,0,0.33650930132242857,0
85,1,17.0,0,0,10.5,1,0,1,0,0.8669998398957575,1
86,1,33.0,3,0,15.85,1,0,0,1,0.5482914787605764,1
87,0,16.0,1,3,34.375,0,0,0,1,0.2170899504371498,0
88,0,0.0,0,0,8.05,0,0,0,1,0.14489120547272072,0
89,1,23.0,3,2,263.0,1,1,0,0,0.8624498685467697,1
90,0,24.0,0,0,8.05,0,0,0,1,0.15327868145325652,0
91,0,29.0,0,0,8.05,0,0,0,1,0.16242082309109437,0
92,0,20.0,0,0,7.8542,0,0,0,1,0.14401434392620704,0
93,0,46.0,1,0,61.175,0,1,0,0,0.3396863757893471,0
94,0,26.0,1,2,20.575,0,0,0,1,0.25207033257921524,0
95,0,59.0,0,0,7.25,0,0,0,1,0.11545749755739029,0
96,0,0.0,0,0,8.05,0,0,0,1,0.14476490921097077,0
97,0,71.0,0,0,34.6542,0,1,0,0,0.23739650923830335,0
98,1,23.0,0,1,63.3583,0,1,0,0,0.38994500672489363,0
99,1,34.0,0,1,23.0,1,0,1,0,0.888265915568024,1
100,0,34.0,1,0,26.0,0,0,1,0,0.16660169401948538,0
101,0,28.0,0,0,7.8958,1,0,0,1,0.5280048284343879,1
102,0,0.0,0,0,7.8958,0,0,0,1,0.1354848047071172,0
103,0,21.0,0,1,77.2875,0,1,0,0,0.33820000960232804,0
104,0,33.0,0,0,8.6542,0,0,0,1,0.1394490475769808,0
105,0,37.0,2,0,7.925,0,0,0,1,0.13336363372222235,0
106,0,28.0,0,0,7.8958,0,0,0,1,0.14349544459732513,0
107,1,21.0,0,0,7.65,1,0,0,1,0.6055492496050218,1
108,1,0.0,0,0,7.775,0,0,0,1,0.15753278617223723,0
109,0,38.0,0,0,7.8958,0,0,0,1,0.13040800420152626,0
110,1,0.0,1,0,24.15,1,0,0,1,0.5388681785199281,1
111,0,47.0,0,0,52.0,0,1,0,0,0.28953851027106936,0
112,0,14.5,1,0,14.4542,1,0,0,1,0.4697358133259443,0
113,0,22.0,0,0,8.05,0,0,0,1,0.152910156982585,0
114,0,20.0,1,0,9.825,1,0,0,1,0.42554932867616424,0
115,0,17.0,0,0,14.4583,1,0,0,1,0.4885216215825408,0
116,0,21.0,0,0,7.925,0,0,0,1,0.15473506273896454,0
117,0,70.5,0,0,7.75,0,0,0,1,0.12405090337823443,0
118,0,29.0,1,0,21.0,0,0,1,0,0.148804205248867,0
119,0,24.0,0,1,247.5208,0,1,0,0,0.35674753433037165,0
120,0,2.0,4,2,31.275,1,0,0,1,0.25304747018120427,0
121,0,21.0,2,0,73.5,0,0,1,0,0.18600273902300643,0
122,0,0.0,0,0,8.05,0,0,0,1,0.14797916969064603,0
123,0,32.5,1,0,30.0708,0,0,1,0,0.2078925318854746,0
124,1,32.5,0,0,13.0,1,0,1,0,0.8485621188040793,1
125,0,54.0,0,1,77.2875,0,1,0,0,0.3028623989032576,0
126,1,12.0,1,0,11.2417,0,0,0,1,0.16785450909325025,0
127,0,0.0,0,0,7.75,0,0,0,1,0.15023720570848956,0
128,1,24.0,0,0,7.1417,0,0,0,1,0.15493961574360635,0
129,1,0.0,1,1,22.3583,1,0,0,1,0.5694145239232578,1
130,0,45.0,0,0,6.975,0,0,0,1,0.10556806070558054,0
131,0,33.0,0,0,7.8958,0,0,0,1,0.1307363777828429,0
132,0,20.0,0,0,7.05,0,0,0,1,0.1139223942334687,0
133,0,47.0,1,0,14.5,1,0,0,1,0.3522340191522536,0
134,1,29.0,1,0,26.0,1,0,1,0,0.811825404458577,1
135,0,25.0,0,0,13.0,0,0,1,0,0.10494214373372078,0
136,0,23.0,0,0,15.0458,0,0,1,0,0.12896897805103222,0
137,1,19.0,0,2,26.2833,1,1,0,0,0.8401933586832263,1
138,0,37.0,1,0,53.1,0,1,0,0,0.36427800266763666,0
139,0,16.0,0,0,9.2167,0,0,0,1,0.15914499589077136,0
140,0,24.0,0,0,79.2,0,1,0,0,0.3341056438240675,0
141,0,0.0,0,2,15.2458,1,0,0,1,0.5415346800265228,1
142,1,22.0,0,0,7.75,1,0,0,1,0.5791081469505366,1
143,1,24.0,1,0,15.85,1,0,0,1,0.49100696291303514,0
144,0,19.0,0,0,6.75,0,0,0,1,0.10911712854943716,0
145,0,18.0,0,0,11.5,0,0,1,0,0.10708260730090692,0
146,0,19.0,1,1,36.75,0,0,1,0,0.3836994249276895,0
147,1,27.0,0,0,7.7958,0,0,0,1,0.14290268356606883,0
148,0,9.0,2,2,34.375,1,0,0,1,0.38298669466245927,0
149,0,36.5,0,2,26.0,0,0,1,0,0.3212702598758316,0
150,0,42.0,0,0,13.0,0,0,1,0,0.09344302978708005,0
151,0,51.0,0,0,12.525,0,0,1,0,0.08510010504331776,0
152,1,22.0,1,0,66.6,1,1,0,0,0.9201212188353887,1
153,0,55.5,0,0,8.05,0,0,0,1,0.13879331872097903,0
154,0,40.5,0,2,14.5,0,0,0,1,0.20642584038844658,0
155,0,0.0,0,0,7.3125,0,0,0,1,0.11310787210259522,0
156,0,51.0,0,1,61.3792,0,1,0,0,0.3310909653390129,0
157,1,16.0,0,0,7.7333,1,0,0,1,0.6103613877869937,1
158,0,30.0,0,0,8.05,0,0,0,1,0.16294144219803175,0
159,0,0.0,0,0,8.6625,0,0,0,1,0.14324496398113284,0
160,0,0.0,8,2,69.55,0,0,0,1,0.20994258200731228,0
161,0,44.0,0,1,16.1,0,0,0,1,0.2309515225385415,0
162,1,40.0,0,0,15.75,1,0,1,0,0.8443097979589155,1
163,0,26.0,0,0,7.775,0,0,0,1,0.1357842416662339,0
164,0,17.0,0,0,8.6625,0,0,0,1,0.15508361019341402,0
165,0,1.0,4,1,39.6875,0,0,0,1,0.19387650892379354,0
166,1,9.0,0,2,20.525,0,0,0,1,0.4191725905958362,0
167,1,0.0,0,1,55.0,1,1,0,0,0.8841198443732177,1
168,0,45.0,1,4,27.9,1,0,0,1,0.2349430841186446,0
169,0,0.0,0,0,25.925,0,1,0,0,0.22103632001849036,0
170,0,28.0,0,0,56.4958,0,0,0,1,0.42718441818765235,0
171,0,61.0,0,0,33.5,0,1,0,0,0.23553717728284165,0
172,0,4.0,4,1,29.125,0,0,0,1,0.2186158383676624,0
173,1,1.0,1,1,11.1333,1,0,0,1,0.5917673350008323,1
174,0,21.0,0,0,7.925,0,0,0,1,0.15340959647421545,0
175,0,56.0,0,0,30.6958,0,1,0,0,0.2660346408965626,0
176,0,18.0,1,1,7.8542,0,0,0,1,0.22727436975185514,0
177,0,0.0,3,1,25.4667,0,0,0,1,0.2242674846708212,0
178,0,50.0,0,0,28.7125,1,1,0,0,0.64641287795523,1
179,0,30.0,0,0,13.0,0,0,1,0,0.10640940671284217,0
180,0,36.0,0,0,0.0,0,0,0,1,0.09228563394097795,0
181,0,0.0,8,2,69.55,1,0,0,1,0.21754400668330426,0
182,0,0.0,0,0,15.05,0,0,1,0,0.2206798131401565,0
183,0,9.0,4,2,31.3875,0,0,0,1,0.1988443073130144,0
184,1,1.0,2,1,39.0,0,0,1,0,0.5870033050524326,1
185,1,4.0,0,2,22.025,1,0,0,1,0.618794589511542,1
186,0,0.0,0,0,50.0,0,1,0,0,0.2753560488883394,0
187,1,0.0,1,0,15.5,1,0,0,1,0.5438991313636441,1
188,1,45.0,0,0,26.55,0,1,0,0,0.31285220077405024,0
189,0,40.0,1,1,15.5,0,0,0,1,0.19808903518507262,0
190,0,36.0,0,0,7.8958,0,0,0,1,0.12392096611575265,0
191,1,32.0,0,0,13.0,1,0,1,0,0.8496095574660341,1
192,0,19.0,0,0,13.0,0,0,1,0,0.11288501843461955,0
193,1,19.0,1,0,7.8542,1,0,0,1,0.4817332702702498,0
194,1,3.0,1,1,26.0,0,0,1,0,0.6360226112856379,1
195,1,44.0,0,0,27.7208,1,1,0,0,0.748183315843724,1
196,1,58.0,0,0,146.5208,1,1,0,0,0.9268768147830625,1
197,0,0.0,0,0,7.75,0,0,0,1,0.13457126517391413,0
198,0,42.0,0,1,8.4042,0,0,0,1,0.19120166442558456,0
199,1,0.0,0,0,7.75,1,0,0,1,0.6463108416618333,1
200,0,24.0,0,0,13.0,1,0,1,0,0.8503420517144429,1
201,0,28.0,0,0,9.5,0,0,0,1,0.15597828495826774,0
202,0,0.0,8,2,69.55,0,0,0,1,0.22927100337460898,0
203,0,34.0,0,0,6.4958,0,0,0,1,0.0924654736171312,0
204,0,45.5,0,0,7.225,0,0,0,1,0.11100699630073156,0
205,1,18.0,0,0,8.05,0,0,0,1,0.16330888929029394,0
206,0,2.0,0,1,10.4625,1,0,0,1,0.6009982729645987,1
207,0,32.0,1,0,15.85,0,0,0,1,0.19783672042874806,0
208,1,26.0,0,0,18.7875,0,0,0,1,0.17056139674801085,0
209,1,16.0,0,0,7.75,1,0,0,1,0.6163399963495569,1
210,1,40.0,0,0,31.0,0,1,0,0,0.3435160873030016,0
211,0,24.0,0,0,7.05,0,0,0,1,0.1060447048382137,0
212,1,35.0,0,0,21.0,1,0,1,0,0.856662599868148,1
213,0,22.0,0,0,7.25,0,0,0,1,0.12063437840136793,0
214,0,30.0,0,0,13.0,0,0,1,0,0.10961119969397917,0
215,0,0.0,1,0,7.75,0,0,0,1,0.12957742297821354,0
216,1,31.0,1,0,113.275,1,1,0,0,0.9606799076926387,1
217,1,27.0,0,0,7.925,1,0,0,1,0.4974512418097024,0
218,0,42.0,1,0,27.0,0,0,1,0,0.19368679731678787,0
219,1,32.0,0,0,76.2917,1,1,0,0,0.9594506193539641,1
220,0,30.0,0,0,10.5,0,0,1,0,0.10339582719123745,0
221,1,16.0,0,0,8.05,0,0,0,1,0.1673719259241144,0
222,0,27.0,0,0,13.0,0,0,1,0,0.10773722828897468,0
223,0,51.0,0,0,8.05,0,0,0,1,0.14489233190187797,0
224,0,0.0,0,0,7.8958,0,0,0,1,0.12847578376843966,0
225,1,38.0,1,0,90.0,0,1,0,0,0.44579350407687235,0
226,0,22.0,0,0,9.35,0,0,0,1,0.14753609091297085,0
227,1,19.0,0,0,10.5,0,0,1,0,0.10486819173212097,0
228,0,20.5,0,0,7.25,0,0,0,1,0.12034110489319516,0
229,0,18.0,0,0,13.0,0,0,1,0,0.11595047581404047,0
230,0,0.0,3,1,25.4667,1,0,0,1,0.29357596348255177,0
231,1,35.0,1,0,83.475,1,1,0,0,0.9596270873815391,1
232,0,29.0,0,0,7.775,0,0,0,1,0.14494637545069022,0
233,0,59.0,0,0,13.5,0,0,1,0,0.07689804389655072,0
234,1,5.0,4,2,31.3875,1,0,0,1,0.33955624323961653,0
235,0,24.0,0,0,10.5,0,0,1,0,0.09803661196100845,0
236,0,0.0,0,0,7.55,1,0,0,1,0.5978451224109543,1
237,0,44.0,1,0,26.0,0,0,1,0,0.14623071057545708,0
238,1,8.0,0,2,26.25,1,0,1,0,0.9272709532121062,1
239,0,19.0,0,0,10.5,0,0,1,0,0.10482057268450193,0
240,0,33.0,0,0,12.275,0,0,1,0,0.09295258177236938,0
241,0,0.0,1,0,14.4542,1,0,0,1,0.5205402361390716,1
242,1,0.0,1,0,15.5,1,0,0,1,0.5323287254167486,1
243,0,29.0,0,0,10.5,0,0,1,0,0.10115055785916165,0
244,0,22.0,0,0,7.125,0,0,0,1,0.10467476658485968,0
245,0,30.0,0,0,7.225,0,0,0,1,0.1305607581513142,0
246,0,44.0,2,0,90.0,0,1,0,0,0.4301698957651233,0
247,0,25.0,0,0,7.775,1,0,0,1,0.500255880991864,1
248,1,24.0,0,2,14.5,1,0,1,0,0.8878912179195596,1
249,1,37.0,1,1,52.5542,0,1,0,0,0.3923702894597771,0
250,0,54.0,1,0,26.0,0,0,1,0,0.13129656020277247,0
251,0,0.0,0,0,7.25,0,0,0,1,0.11064696998378482,0
252,0,29.0,1,1,10.4625,1,0,0,1,0.4068370464525348,0
253,0,62.0,0,0,26.55,0,1,0,0,0.22743695037808861,0
254,0,30.0,1,0,16.1,0,0,0,1,0.1556424633052839,0
255,0,41.0,0,2,20.2125,1,0,0,1,0.4114758225547931,0
256,1,29.0,0,2,15.2458,1,0,0,1,0.4481628004897117,0
257,1,0.0,0,0,79.2,1,1,0,0,0.9519579046814951,1
258,1,30.0,0,0,86.5,1,1,0,0,0.9661832737055986,1
259,1,35.0,0,0,512.3292,1,1,0,0,0.963662407006423,1
260,1,50.0,0,1,26.0,1,0,1,0,0.8608347436954528,1
261,0,0.0,0,0,7.75,0,0,0,1,0.13340480672272512,0
262,1,3.0,4,2,31.3875,0,0,0,1,0.29675549043883775,0
263,0,52.0,1,1,79.65,0,1,0,0,0.40104063593822636,0
264,0,40.0,0,0,0.0,0,1,0,0,0.14926885241512952,0
265,0,0.0,0,0,7.75,1,0,0,1,0.6245505872008322,1
266,0,36.0,0,0,10.5,0,0,1,0,0.09140586525320435,0
267,0,16.0,4,1,39.6875,0,0,0,1,0.15795959837145626,0
268,1,25.0,1,0,7.775,0,0,0,1,0.12056990450614759,0
269,1,58.0,0,1,153.4625,1,1,0,0,0.9280014094673731,1
270,1,35.0,0,0,135.6333,1,1,0,0,0.9696735409818955,1
271,0,0.0,0,0,31.0,0,1,0,0,0.3093975886103658,0
272,1,25.0,0,0,0.0,0,0,0,1,0.10155958405435989,0
273,1,41.0,0,1,19.5,1,0,1,0,0.8805857076318749,1
274,0,37.0,0,1,29.7,0,1,0,0,0.344220671439317,0
275,1,0.0,0,0,7.75,1,0,0,1,0.6358300317721897,1
276,1,63.0,1,0,77.9583,1,1,0,0,0.9490991321785593,1
277,0,45.0,0,0,7.75,1,0,0,1,0.45293463875271534,0
278,0,0.0,0,0,0.0,0,0,1,0,0.1349288279772485,0
279,0,7.0,4,1,29.125,0,0,0,1,0.19288091963089452,0
280,1,35.0,1,1,20.25,1,0,0,1,0.5021875935900939,1
281,0,65.0,0,0,7.75,0,0,0,1,0.12145433386055825,0
282,0,28.0,0,0,7.8542,0,0,0,1,0.1444381999323274,0
283,0,16.0,0,0,9.5,0,0,0,1,0.16866655397803623,0
284,1,19.0,0,0,8.05,0,0,0,1,0.16045020088880133,0
285,0,0.0,0,0,26.0,0,1,0,0,0.23705672585087723,0
286,0,33.0,0,0,8.6625,0,0,0,1,0.14994962655258298,0
287,1,30.0,0,0,9.5,0,0,0,1,0.17175125244213066,0
288,0,22.0,0,0,7.8958,0,0,0,1,0.14215613926486326,0
289,1,42.0,0,0,13.0,0,0,1,0,0.0996855521534274,0
290,1,22.0,0,0,7.75,1,0,0,1,0.5649471709418632,1
291,1,26.0,0,0,78.85,1,1,0,0,0.9288160053109338,1
292,1,19.0,1,0,91.0792,1,1,0,0,0.9634675389450397,1
293,0,36.0,0,0,12.875,0,0,1,0,0.09778526003827132,0
294,0,24.0,0,0,8.85,1,0,0,1,0.463602502421927,0
295,0,24.0,0,0,7.8958,0,0,0,1,0.13997134885521129,0
296,0,0.0,0,0,27.7208,0,1,0,0,0.3046588885372658,0
297,0,23.5,0,0,7.2292,0,0,0,1,0.12122603202875154,0
298,0,2.0,1,2,151.55,1,1,0,0,0.8768546437833841,1
299,1,0.0,0,0,30.5,0,1,0,0,0.31277594961570065,0
300,1,50.0,0,1,247.5208,1,1,0,0,0.934269559060754,1
301,1,0.0,0,0,7.75,1,0,0,1,0.6371309346770506,1
302,1,0.0,2,0,23.25,0,0,0,1,0.14900303309582888,0
303,0,19.0,0,0,0.0,0,0,0,1,0.10329468883681638,0
304,1,0.0,0,0,12.35,1,0,1,0,0.8641308651301589,1
305,0,0.0,0,0,8.05,0,0,0,1,0.14695888919135566,0
306,1,0.92,1,2,151.55,0,1,0,0,0.5078936478724837,1
307,1,0.0,0,0,110.8833,1,1,0,0,0.9594903128960851,1
308,1,17.0,1,0,108.9,1,1,0,0,0.9630831903491168,1
309,0,30.0,1,0,24.0,0,0,1,0,0.15880914027827658,0
310,1,30.0,0,0,56.9292,1,1,0,0,0.9502583314875174,1
311,1,24.0,0,0,83.1583,1,1,0,0,0.9639590888259175,1
312,1,18.0,2,2,262.375,1,1,0,0,0.9124811054353295,1
313,0,26.0,1,1,26.0,1,0,1,0,0.8109783064819305,1
314,0,28.0,0,0,7.8958,0,0,0,1,0.1417946053320248,0
315,0,43.0,1,1,26.25,0,0,1,0,0.2950610829521752,0
316,1,26.0,0,0,7.8542,1,0,0,1,0.5086004014280502,1
317,1,24.0,1,0,26.0,1,0,1,0,0.8492902349529238,1
318,0,54.0,0,0,14.0,0,0,1,0,0.10544305047085323,0
319,1,31.0,0,2,164.8667,1,1,0,0,0.9052719219969234,1
320,1,40.0,1,1,134.5,1,1,0,0,0.9421814979595367,1
321,0,22.0,0,0,7.25,0,0,0,1,0.12039338397058122,0
322,0,27.0,0,0,7.8958,0,0,0,1,0.14142228675896742,0
323,1,30.0,0,0,12.35,1,0,1,0,0.8571513293547709,1
324,1,22.0,1,1,29.0,1,0,1,0,0.905594885913762,1
325,0,0.0,8,2,69.55,0,0,0,1,0.23048793434146414,0
326,1,36.0,0,0,135.6333,1,1,0,0,0.9723532271412116,1
327,0,61.0,0,0,6.2375,0,0,0,1,0.09508768608163477,0
328,1,36.0,0,0,13.0,1,0,1,0,0.8617140060822186,1
329,1,31.0,1,1,20.525,1,0,0,1,0.5048161486655063,1
330,1,16.0,0,1,57.9792,1,1,0,0,0.9475676733260945,1
331,1,0.0,2,0,23.25,1,0,0,1,0.5414138072395381,1
332,0,45.5,0,0,28.5,0,1,0,0,0.3227658604519584,0
333,0,38.0,0,1,153.4625,0,1,0,0,0.38452635156739784,0
334,0,16.0,2,0,18.0,0,0,0,1,0.14342643271079802,0
335,1,0.0,1,0,133.65,1,1,0,0,0.9649113401302819,1
336,0,0.0,0,0,7.8958,0,0,0,1,0.12947886957576663,0
337,0,29.0,1,0,66.6,0,1,0,0,0.39719489994314716,0
338,1,41.0,0,0,134.5,1,1,0,0,0.967180417665675,1
339,1,45.0,0,0,8.05,0,0,0,1,0.16202826440674453,0
340,0,45.0,0,0,35.5,0,1,0,0,0.3367882588984375,0
341,1,2.0,1,1,26.0,0,0,1,0,0.6502046413655602,1
342,1,24.0,3,2,263.0,1,1,0,0,0.8553742748917206,1
343,0,28.0,0,0,13.0,0,0,1,0,0.11440990416719793,0
344,0,25.0,0,0,13.0,0,0,1,0,0.11247501888652767,0
345,0,36.0,0,0,13.0,0,0,1,0,0.10677201522121679,0
346,1,24.0,0,0,13.0,1,0,1,0,0.8629646041244148,1
347,1,40.0,0,0,13.0,1,0,1,0,0.8613500912127343,1
348,1,0.0,1,0,16.1,1,0,0,1,0.5701934738285543,1
349,1,3.0,1,1,15.9,0,0,0,1,0.48627649577980275,0
350,0,42.0,0,0,8.6625,0,0,0,1,0.1425643691010344,0
351,0,23.0,0,0,9.225,0,0,0,1,0.14979053957240782,0
352,0,0.0,0,0,35.0,0,1,0,0,0.32027822070621476,0
353,0,15.0,1,1,7.2292,0,0,0,1,0.21498601402142264,0
354,0,25.0,1,0,17.8,0,0,0,1,0.14648933669118255,0
355,0,0.0,0,0,7.225,0,0,0,1,0.1153837931713864,0
356,0,28.0,0,0,9.5,0,0,0,1,0.1600092092298181,0
357,1,22.0,0,1,55.0,1,1,0,0,0.9412503230938587,1
358,0,38.0,0,0,13.0,1,0,1,0,0.8606687975064405,1
359,1,0.0,0,0,7.8792,1,0,0,1,0.6124487633491131,1
360,1,0.0,0,0,7.8792,1,0,0,1,0.6124487633491131,1
361,0,40.0,1,4,27.9,0,0,0,1,0.15112403044817804,0
362,0,29.0,1,0,27.7208,0,0,1,0,0.2216880156255453,0
363,0,45.0,0,1,14.4542,1,0,0,1,0.39148952480890076,0
364,0,35.0,0,0,7.05,0,0,0,1,0.09607329254109412,0
365,0,0.0,1,0,15.5,0,0,0,1,0.14327040826857002,0
366,0,30.0,0,0,7.25,0,0,0,1,0.12947864821762034,0
367,1,60.0,1,0,75.25,1,1,0,0,0.9545703166109877,1
368,1,0.0,0,0,7.2292,1,0,0,1,0.6069637117940939,1
369,1,0.0,0,0,7.75,1,0,0,1,0.6328001974365184,1
370,1,24.0,0,0,69.3,1,1,0,0,0.9537279501334389,1
371,1,25.0,1,0,55.4417,0,1,0,0,0.44237503655014243,0
372,0,18.0,1,0,6.4958,0,0,0,1,0.09596830033472928,0
373,0,19.0,0,0,8.05,0,0,0,1,0.1566080029167886,0
374,0,22.0,0,0,135.6333,0,1,0,0,0.4235603497222533,0
375,0,3.0,3,1,21.075,1,0,0,1,0.39981491827034155,0
376,1,0.0,1,0,82.1708,1,1,0,0,0.9615664467183987,1
377,1,22.0,0,0,7.25,1,0,0,1,0.5421279098499495,1
378,0,27.0,0,2,211.5,0,1,0,0,0.3993267254719962,0
379,0,20.0,0,0,4.0125,0,0,0,1,0.10571220947629938,0
380,0,19.0,0,0,7.775,0,0,0,1,0.13745634417768884,0
381,1,42.0,0,0,227.525,1,1,0,0,0.9591818923124189,1
382,1,1.0,0,2,15.7417,1,0,0,1,0.6262597903323075,1
383,0,32.0,0,0,7.925,0,0,0,1,0.18598660385388857,0
384,1,35.0,1,0,52.0,1,1,0,0,0.9225288590833555,1
385,0,0.0,0,0,7.8958,0,0,0,1,0.129241344256234,0
386,0,18.0,0,0,73.5,0,0,1,0,0.2816024399047608,0
387,0,1.0,5,2,46.9,0,0,0,1,0.20633964205868136,0
388,1,36.0,0,0,13.0,1,0,1,0,0.859269126668355,1
389,0,0.0,0,0,7.7292,0,0,0,1,0.12054348087340007,0
390,1,17.0,0,0,12.0,1,0,1,0,0.8620816169963486,1
391,1,36.0,1,2,120.0,0,1,0,0,0.5153667377339096,1
392,1,21.0,0,0,7.7958,0,0,0,1,0.15197964140464448,0
393,0,28.0,2,0,7.925,0,0,0,1,0.15107739686178562,0
394,1,23.0,1,0,113.275,1,1,0,0,0.9631971297739497,1
395,1,24.0,0,2,16.7,1,0,0,1,0.5286567945619173,1
396,0,22.0,0,0,7.7958,0,0,0,1,0.14982022850647006,0
397,0,31.0,0,0,7.8542,1,0,0,1,0.4188526586365844,0
398,0,46.0,0,0,26.0,0,0,1,0,0.1741607160255755,0
399,0,23.0,0,0,10.5,0,0,1,0,0.11392149493277633,0
400,1,28.0,0,0,12.65,1,0,1,0,0.854927069024368,1
401,1,39.0,0,0,7.925,0,0,0,1,0.17636437440995983,0
402,0,26.0,0,0,8.05,0,0,0,1,0.166789928641721,0
403,0,21.0,1,0,9.825,1,0,0,1,0.37502313533778214,0
404,0,28.0,1,0,15.85,0,0,0,1,0.18550557979770604,0
405,0,20.0,0,0,8.6625,1,0,0,1,0.4121728421351572,0
406,0,34.0,1,0,21.0,0,0,1,0,0.16960837720048585,0
407,0,51.0,0,0,7.75,0,0,0,1,0.1414285092596355,0
408,1,3.0,1,1,18.75,0,0,1,0,0.6726353242997254,1
409,0,21.0,0,0,7.775,0,0,0,1,0.14524605050726908,0
410,0,0.0,3,1,25.4667,1,0,0,1,0.25528827991529734,0
411,0,0.0,0,0,7.8958,0,0,0,1,0.13722249231019018,0
412,0,0.0,0,0,6.8583,0,0,0,1,0.10168814251987864,0
413,1,33.0,1,0,90.0,1,1,0,0,0.9684386685966053,1
414,0,0.0,0,0,0.0,0,0,1,0,0.14438801111870447,0
415,1,44.0,0,0,7.925,0,0,0,1,0.18685480110211986,0
416,0,0.0,0,0,8.05,1,0,0,1,0.507691222151327,1
417,1,34.0,1,1,32.5,1,0,1,0,0.8980443301412394,1
418,1,18.0,0,2,13.0,1,0,1,0,0.9109446621745008,1
419,0,30.0,0,0,13.0,0,0,1,0,0.12758069209550646,0
420,0,10.0,0,2,24.15,1,0,0,1,0.45129133748121947,0
421,0,0.0,0,0,7.8958,0,0,0,1,0.137537808281875,0
422,0,21.0,0,0,7.7333,0,0,0,1,0.13665094960349286,0
423,0,29.0,0,0,7.875,0,0,0,1,0.16532909977543533,0
424,0,28.0,1,1,14.4,1,0,0,1,0.38499923538611297,0
425,0,18.0,1,1,20.2125,0,0,0,1,0.2807178741029539,0
426,0,0.0,0,0,7.25,0,0,0,1,0.11769507637061756,0
427,1,28.0,1,0,26.0,1,0,1,0,0.8453250260079401,1
428,1,19.0,0,0,26.0,1,0,1,0,0.8870679284486291,1
429,0,0.0,0,0,7.75,0,0,0,1,0.14031320129336958,0
430,1,32.0,0,0,8.05,0,0,0,1,0.19379051464157077,0
431,1,28.0,0,0,26.55,0,1,0,0,0.4183704085433723,0
432,1,0.0,1,0,16.1,1,0,0,1,0.5345638798330438,1
433,1,42.0,1,0,26.0,1,0,1,0,0.8429357342038395,1
434,0,17.0,0,0,7.125,0,0,0,1,0.1131689283595152,0
435,0,50.0,1,0,55.9,0,1,0,0,0.4274276942867983,0
436,1,14.0,1,2,120.0,1,1,0,0,0.9290363830971926,1
437,0,21.0,2,2,34.375,1,0,0,1,0.3166160166687325,0
438,1,24.0,2,3,18.75,1,0,1,0,0.8761740173243,1
439,0,64.0,1,4,263.0,0,1,0,0,0.40008591216981443,0
440,0,31.0,0,0,10.5,0,0,1,0,0.12275453258122251,0
441,1,45.0,1,1,26.25,1,0,1,0,0.8611529722619546,1
442,0,20.0,0,0,9.5,0,0,0,1,0.16147185036315698,0
443,0,25.0,1,0,7.775,0,0,0,1,0.13023420471074695,0
444,1,28.0,0,0,13.0,1,0,1,0,0.8497017303902389,1
445,1,0.0,0,0,8.1125,0,0,0,1,0.15833379574746376,0
446,1,4.0,0,2,81.8583,0,1,0,0,0.5061429827670673,1
447,1,13.0,0,1,19.5,1,0,1,0,0.9341663024795263,1
448,1,34.0,0,0,26.55,0,1,0,0,0.4251396958735236,0
449,1,5.0,2,1,19.2583,1,0,0,1,0.6017127883549944,1
450,1,52.0,0,0,30.5,0,1,0,0,0.394325618497407,0
451,0,36.0,1,2,27.75,0,0,1,0,0.33316676072359597,0
452,0,0.0,1,0,19.9667,0,0,0,1,0.15863332681511877,0
453,0,30.0,0,0,27.75,0,1,0,0,0.4051274560756165,0
454,1,49.0,1,0,89.1042,0,1,0,0,0.46855332447945885,0
455,0,0.0,0,0,8.05,0,0,0,1,0.14756702726579915,0
456,1,29.0,0,0,7.8958,0,0,0,1,0.16038763323214028,0
457,0,65.0,0,0,26.55,0,1,0,0,0.2641713807723602,0
458,1,0.0,1,0,51.8625,1,1,0,0,0.916400316047771,1
459,1,50.0,0,0,10.5,1,0,1,0,0.8129130104013518,1
460,0,0.0,0,0,7.75,0,0,0,1,0.12634550746670956,0
461,1,48.0,0,0,26.55,0,1,0,0,0.3956935124039286,0
462,0,34.0,0,0,8.05,0,0,0,1,0.1423474832786307,0
463,0,47.0,0,0,38.5,0,1,0,0,0.3733464351285953,0
464,0,48.0,0,0,13.0,0,0,1,0,0.10715283417284933,0
465,0,0.0,0,0,8.05,0,0,0,1,0.13565120842897477,0
466,0,38.0,0,0,7.05,0,0,0,1,0.09435001260833771,0
467,0,0.0,0,0,0.0,0,0,1,0,0.13694848260774437,0
468,0,56.0,0,0,26.55,0,1,0,0,0.33489913896404516,0
469,0,0.0,0,0,7.725,0,0,0,1,0.10993184336091952,0
470,1,0.75,2,1,19.2583,1,0,0,1,0.6022614537708867,1
471,0,0.0,0,0,7.25,0,0,0,1,0.10649415358521902,0
472,0,38.0,0,0,8.6625,0,0,0,1,0.1322561207872235,0
473,1,33.0,1,2,27.75,1,0,1,0,0.8891664186614933,1
474,1,23.0,0,0,13.7917,1,0,1,0,0.8470987696360066,1
475,0,22.0,0,0,9.8375,1,0,0,1,0.40591456369835577,0
476,0,0.0,0,0,52.0,0,1,0,0,0.3354886053757321,0
477,0,34.0,1,0,21.0,0,0,1,0,0.16784549779942115,0
478,0,29.0,1,0,7.0458,0,0,0,1,0.10762816579527529,0
479,0,22.0,0,0,7.5208,0,0,0,1,0.12073089395450842,0
480,1,2.0,0,1,12.2875,1,0,0,1,0.574749430951436,1
481,0,9.0,5,2,46.9,0,0,0,1,0.14894879527936802,0
482,0,0.0,0,0,0.0,0,0,1,0,0.13594848260774436,0
483,0,50.0,0,0,8.05,0,0,0,1,0.13995031848748662,0
484,1,63.0,0,0,9.5875,1,0,0,1,0.3205116839307137,0
485,1,25.0,1,0,91.0792,0,1,0,0,0.4645967146523722,0
486,0,0.0,3,1,25.4667,1,0,0,1,0.25035612129858387,0
487,1,35.0,1,0,90.0,1,1,0,0,0.9626029997797508,1
488,0,58.0,0,0,29.7,0,1,0,0,0.3034410535260747,0
489,0,30.0,0,0,8.05,0,0,0,1,0.16122614891541506,0
490,1,9.0,1,1,15.9,0,0,0,1,0.4444475085647967,0
491,0,0.0,1,0,19.9667,0,0,0,1,0.14971026255136644,0
492,0,21.0,0,0,7.25,0,0,0,1,0.11983563370708222,0
493,0,55.0,0,0,30.5,0,1,0,0,0.3506638028112064,0
494,0,71.0,0,0,49.5042,0,1,0,0,0.25966788325317014,0
495,0,21.0,0,0,8.05,0,0,0,1,0.14560442609425855,0
496,0,0.0,0,0,14.4583,0,0,0,1,0.1358845773878948,0
497,1,54.0,1,0,78.2667,1,1,0,0,0.9470764967675065,1
498,0,0.0,0,0,15.1,0,0,0,1,0.1344089503380692,0
499,0,25.0,1,2,151.55,1,1,0,0,0.7674504184710957,1
500,0,24.0,0,0,7.7958,0,0,0,1,0.13451723008672628,0
501,0,17.0,0,0,8.6625,0,0,0,1,0.14613359732344305,0
502,0,21.0,0,0,7.75,1,0,0,1,0.4866538029871456,0
503,0,0.0,0,0,7.6292,1,0,0,1,0.5432485820344559,1
504,0,37.0,0,0,9.5875,1,0,0,1,0.3431314685731596,0
505,1,16.0,0,0,86.5,1,1,0,0,0.9535793159447242,1
506,0,18.0,1,0,108.9,0,1,0,0,0.42999949442939384,0
507,1,33.0,0,2,26.0,1,0,1,0,0.9105070648886031,1
508,1,0.0,0,0,26.55,0,1,0,0,0.3702180900643234,0
509,0,28.0,0,0,22.525,0,0,0,1,0.16588744713465586,0
510,1,26.0,0,0,56.4958,0,0,0,1,0.43777849198317936,0
511,1,29.0,0,0,7.75,0,0,0,1,0.14745263252967805,0
512,0,0.0,0,0,8.05,0,0,0,1,0.13723303812098722,0
513,1,36.0,0,0,26.2875,0,1,0,0,0.43037470260456867,0
514,1,54.0,1,0,59.4,1,1,0,0,0.9366161488132153,1
515,0,24.0,0,0,7.4958,0,0,0,1,0.1190689139655904,0
516,0,47.0,0,0,34.0208,0,1,0,0,0.39521942442864777,0
517,1,34.0,0,0,10.5,1,0,1,0,0.8252121097417398,1
518,0,0.0,0,0,24.15,0,0,0,1,0.15322754502154687,0
519,1,36.0,1,0,26.0,1,0,1,0,0.8471340211884297,1
520,0,32.0,0,0,7.8958,0,0,0,1,0.1529910136770241,0
521,1,30.0,0,0,93.5,1,1,0,0,0.9663888938930855,1
522,0,22.0,0,0,7.8958,0,0,0,1,0.12881579985105773,0
523,0,0.0,0,0,7.225,0,0,0,1,0.10865764314194336,0
524,1,44.0,0,1,57.9792,1,1,0,0,0.9182809047749265,1
525,0,0.0,0,0,7.2292,0,0,0,1,0.10568563364582913,0
526,0,40.5,0,0,7.75,0,0,0,1,0.10878344986106153,0
527,1,50.0,0,0,10.5,1,0,1,0,0.8073156326285926,1
528,0,0.0,0,0,221.7792,0,1,0,0,0.39719238142313623,0
529,0,39.0,0,0,7.925,0,0,0,1,0.13975740861759534,0
530,0,23.0,2,1,11.5,0,0,1,0,0.26327744126513375,0
531,1,2.0,1,1,26.0,1,0,1,0,0.9174573259537168,1
532,0,0.0,0,0,7.2292,0,0,0,1,0.10568563364582913,0
533,0,17.0,1,1,7.2292,0,0,0,1,0.22883470375660336,0
534,1,0.0,0,2,22.3583,1,0,0,1,0.5498091433313284,1
535,0,30.0,0,0,8.6625,1,0,0,1,0.3635485708388199,0
536,1,7.0,0,2,26.25,1,0,1,0,0.9427649034671769,1
537,0,45.0,0,0,26.55,0,1,0,0,0.3941246765562837,0
538,1,30.0,0,0,106.425,1,1,0,0,0.9654175263257505,1
539,0,0.0,0,0,14.5,0,0,0,1,0.1329982928881841,0
540,1,22.0,0,2,49.5,1,1,0,0,0.8984664315586203,1
541,1,36.0,0,2,71.0,1,1,0,0,0.9130739219448424,1
542,0,9.0,4,2,31.275,1,0,0,1,0.16672273025323428,0
543,0,11.0,4,2,31.275,1,0,0,1,0.16600559034463927,0
544,1,32.0,1,0,26.0,0,0,1,0,0.2021887404556904,0
545,0,50.0,1,0,106.425,0,1,0,0,0.4650929752238538,0
546,0,64.0,0,0,26.0,0,1,0,0,0.20257176735930518,0
547,1,19.0,1,0,26.0,1,0,1,0,0.8624848669146185,1
548,1,0.0,0,0,13.8625,0,0,1,0,0.2579211962327221,0
549,0,33.0,1,1,20.525,0,0,0,1,0.2389082684468784,0
550,1,8.0,1,1,36.75,0,0,1,0,0.617534985253164,1
551,1,17.0,0,2,110.8833,0,1,0,0,0.5403542120838257,1
552,0,27.0,0,0,26.0,0,0,1,0,0.1981143897462739,0
553,0,0.0,0,0,7.8292,0,0,0,1,0.12951604197705224,0
554,1,22.0,0,0,7.225,0,0,0,1,0.134405817953848,0
555,1,22.0,0,0,7.775,1,0,0,1,0.45965532616039917,0
556,0,62.0,0,0,26.55,0,1,0,0,0.2953076501947504,0
557,1,48.0,1,0,39.6,1,1,0,0,0.8776885258464732,1
558,0,0.0,0,0,227.525,0,1,0,0,0.4392722342668542,0
559,1,39.0,1,1,79.65,1,1,0,0,0.9488350303544828,1
560,1,36.0,1,0,17.4,1,0,0,1,0.4225415222488802,0
561,0,0.0,0,0,7.75,0,0,0,1,0.11962081068269224,0
562,0,40.0,0,0,7.8958,0,0,0,1,0.10965335000439874,0
563,0,28.0,0,0,13.5,0,0,1,0,0.1137326164871277,0
564,0,0.0,0,0,8.05,0,0,0,1,0.1263742596636536,0
565,0,0.0,0,0,8.05,1,0,0,1,0.48711841472183715,0
566,0,24.0,2,0,24.15,0,0,0,1,0.12325768756107015,0
567,0,19.0,0,0,7.8958,0,0,0,1,0.12343619002006667,0
568,0,29.0,0,4,21.075,1,0,0,1,0.420233045856557,0
569,0,0.0,0,0,7.2292,0,0,0,1,0.10490709915746933,0
570,1,32.0,0,0,7.8542,0,0,0,1,0.15941494862685532,0
571,1,62.0,0,0,10.5,0,0,1,0,0.08459052857442552,0
572,1,53.0,2,0,51.4792,1,1,0,0,0.9082703815636523,1
573,1,36.0,0,0,26.3875,0,1,0,0,0.4742228584319807,0
574,1,0.0,0,0,7.75,1,0,0,1,0.5588846072484229,1
575,0,16.0,0,0,8.05,0,0,0,1,0.14050060365359465,0
576,0,19.0,0,0,14.5,0,0,0,1,0.12812975862207773,0
577,1,34.0,0,0,13.0,1,0,1,0,0.8325168935135429,1
578,1,39.0,1,0,55.9,1,1,0,0,0.9479529645226131,1
579,0,0.0,1,0,14.4583,1,0,0,1,0.460969548633102,0
580,1,32.0,0,0,7.925,0,0,0,1,0.1625455455272745,0
581,1,25.0,1,1,30.0,1,0,1,0,0.8866258268205464,1
582,1,39.0,1,1,110.8833,1,1,0,0,0.943097214203149,1
583,0,54.0,0,0,26.0,0,0,1,0,0.14975642345620332,0
584,0,36.0,0,0,40.125,0,1,0,0,0.44983805317631287,0
585,0,0.0,0,0,8.7125,0,0,0,1,0.12130530639568221,0
586,1,18.0,0,2,79.65,1,1,0,0,0.9245349536155819,1
587,0,47.0,0,0,15.0,0,0,1,0,0.1300768416244777,0
588,1,60.0,1,1,79.2,0,1,0,0,0.4935633499919196,0
589,0,22.0,0,0,8.05,0,0,0,1,0.1276112374770222,0
590,0,0.0,0,0,8.05,0,0,0,1,0.12007907655416865,0
591,0,35.0,0,0,7.125,0,0,0,1,0.07779203106064471,0
592,1,52.0,1,0,78.2667,1,1,0,0,0.9615137316529969,1
593,0,47.0,0,0,7.25,0,0,0,1,0.09045155578435844,0
594,0,0.0,0,2,7.75,1,0,0,1,0.519254747836652,1
595,0,37.0,1,0,26.0,0,0,1,0,0.18145311676639184,0
596,0,36.0,1,1,24.15,0,0,0,1,0.1919164674364749,0
597,1,0.0,0,0,33.0,1,0,1,0,0.8886697324978122,1
598,0,49.0,0,0,0.0,0,0,0,1,0.07509368154617424,0
599,0,0.0,0,0,7.225,0,0,0,1,0.09930066992354829,0
600,1,49.0,1,0,56.9292,0,1,0,0,0.5179071150476663,1
601,1,24.0,2,1,27.0,1,0,1,0,0.9034671124926583,1
602,0,0.0,0,0,7.8958,0,0,0,1,0.1054154802923684,0
603,0,0.0,0,0,42.4,0,1,0,0,0.3722516250532505,0
604,0,44.0,0,0,8.05,0,0,0,1,0.12274386968933983,0
605,1,35.0,0,0,26.55,0,1,0,0,0.4799336369899765,0
606,0,36.0,1,0,15.55,0,0,0,1,0.11022463454762338,0
607,0,30.0,0,0,7.8958,0,0,0,1,0.12244740987425541,0
608,1,27.0,0,0,30.5,0,1,0,0,0.4718025527712322,0
609,1,22.0,1,2,41.5792,1,0,1,0,0.9151295734481751,1
610,1,40.0,0,0,153.4625,1,1,0,0,0.9565114850628849,1
611,0,39.0,1,5,31.275,1,0,0,1,0.18868110957726905,0
612,0,0.0,0,0,7.05,0,0,0,1,0.07980901767707853,0
613,1,0.0,1,0,15.5,1,0,0,1,0.4715564046892133,0
614,0,0.0,0,0,7.75,0,0,0,1,0.108083287702335,0
615,0,35.0,0,0,8.05,0,0,0,1,0.1157307118784173,0
616,1,24.0,1,2,65.0,1,0,1,0,0.8914081719632081,1
617,0,34.0,1,1,14.4,0,0,0,1,0.24019412725636027,0
618,0,26.0,1,0,16.1,1,0,0,1,0.40888867887012487,0
619,1,4.0,2,1,39.0,1,0,1,0,0.93130578602326,1
620,0,26.0,0,0,10.5,0,0,1,0,0.09798144910208317,0
621,0,27.0,1,0,14.4542,0,0,0,1,0.12452273144423734,0
622,1,42.0,1,0,52.5542,0,1,0,0,0.5129916376396898,1
623,1,20.0,1,1,15.7417,0,0,0,1,0.34684320874026126,0
624,0,21.0,0,0,7.8542,0,0,0,1,0.1186022853195354,0
625,0,21.0,0,0,16.1,0,0,0,1,0.1419257255146431,0
626,0,61.0,0,0,32.3208,0,1,0,0,0.351170709069037,0
627,0,57.0,0,0,12.35,0,0,1,0,0.07551613602423048,0
628,1,21.0,0,0,77.9583,1,1,0,0,0.9597429614265794,1
629,0,26.0,0,0,7.8958,0,0,0,1,0.11628436973469004,0
630,0,0.0,0,0,7.7333,0,0,0,1,0.0980584337287699,0
631,1,80.0,0,0,30.0,0,1,0,0,0.41782632929397334,0
632,0,51.0,0,0,7.0542,0,0,0,1,0.0750634612673605,0
633,1,32.0,0,0,30.5,0,1,0,0,0.48053261741729747,0
634,0,0.0,0,0,0.0,0,1,0,0,0.16227534255499546,0
635,0,9.0,3,2,27.9,1,0,0,1,0.1712035234777017,0
636,1,28.0,0,0,13.0,1,0,1,0,0.8263652943127474,1
637,0,32.0,0,0,7.925,0,0,0,1,0.1554040210269511,0
638,0,31.0,1,1,26.25,0,0,1,0,0.37929308102277903,0
639,0,41.0,0,5,39.6875,1,0,0,1,0.19619000369719142,0
640,0,0.0,1,0,16.1,0,0,0,1,0.1454827803023102,0
641,0,20.0,0,0,7.8542,0,0,0,1,0.11968481581400625,0
642,1,24.0,0,0,69.3,1,1,0,0,0.9513326970715991,1
643,0,2.0,3,2,27.9,1,0,0,1,0.19144620797653636,0
644,1,0.0,0,0,56.4958,0,0,0,1,0.37532117218000355,0
645,1,0.75,2,1,19.2583,1,0,0,1,0.581673895860336,1
646,1,48.0,1,0,76.7292,0,1,0,0,0.5768658480871323,1
647,0,19.0,0,0,7.8958,0,0,0,1,0.11532232570795832,0
648,1,56.0,0,0,35.5,0,1,0,0,0.4303024820930518,0
649,0,0.0,0,0,7.55,0,0,0,1,0.09804073723020976,0
650,1,23.0,0,0,7.55,1,0,0,1,0.48973137789653115,0
651,0,0.0,0,0,7.8958,0,0,0,1,0.10716103292880205,0
652,1,18.0,0,1,23.0,1,0,1,0,0.92498072987182,1
653,0,21.0,0,0,8.4333,0,0,0,1,0.1279337480502536,0
654,1,0.0,0,0,7.8292,1,0,0,1,0.5311840995899553,1
655,0,18.0,0,0,6.75,1,0,0,1,0.4539282576981247,0
656,0,24.0,2,0,73.5,0,0,1,0,0.24044895306449127,0
657,0,0.0,0,0,7.8958,0,0,0,1,0.10716103292880205,0
658,0,32.0,1,1,15.5,1,0,0,1,0.36946802655837285,0
659,0,23.0,0,0,13.0,0,0,1,0,0.10802919502972427,0
660,0,58.0,0,2,113.275,0,1,0,0,0.43229924344859094,0
661,1,50.0,2,0,133.65,0,1,0,0,0.5828842807143166,1
662,0,40.0,0,0,7.225,0,0,0,1,0.09086151618737766,0
663,0,47.0,0,0,25.5875,0,1,0,0,0.33293081420252085,0
664,0,36.0,0,0,7.4958,0,0,0,1,0.09283736118731326,0
665,1,20.0,1,0,7.925,0,0,0,1,0.15216851185620767,0
666,0,32.0,2,0,73.5,0,0,1,0,0.25458803314369116,0
667,0,25.0,0,0,13.0,0,0,1,0,0.10943039415427389,0
668,0,0.0,0,0,7.775,0,0,0,1,0.10974204993126438,0
669,0,43.0,0,0,8.05,0,0,0,1,0.11306197836040978,0
670,1,0.0,1,0,52.0,1,1,0,0,0.9160337297344288,1
671,1,40.0,1,1,39.0,1,0,1,0,0.8830312074319715,1
672,0,31.0,1,0,52.0,0,1,0,0,0.4686328119873592,0
673,0,70.0,0,0,10.5,0,0,1,0,0.0766233427168783,0
674,1,31.0,0,0,13.0,0,0,1,0,0.1172960093523475,0
675,0,0.0,0,0,0.0,0,0,1,0,0.1262874253461063,0
676,0,18.0,0,0,7.775,0,0,0,1,0.11676334652842375,0
677,0,24.5,0,0,8.05,0,0,0,1,0.12887976680706423,0
678,1,18.0,0,0,9.8417,1,0,0,1,0.4227426139989521,0
679,0,43.0,1,6,46.9,1,0,0,1,0.1772760234410095,0
680,1,36.0,0,1,512.3292,0,1,0,0,0.5381268596563068,1
681,0,0.0,0,0,8.1375,1,0,0,1,0.4953775826863158,0
682,1,27.0,0,0,76.7292,0,1,0,0,0.5578898261148536,1
683,0,20.0,0,0,9.225,0,0,0,1,0.12845781520422872,0
684,0,14.0,5,2,46.9,0,0,0,1,0.1214393056114038,0
685,0,60.0,1,1,39.0,0,0,1,0,0.30189901976523376,0
686,0,25.0,1,2,41.5792,0,0,1,0,0.3596243818685737,0
687,0,14.0,4,1,39.6875,0,0,0,1,0.1284221404897469,0
688,0,19.0,0,0,10.1708,0,0,0,1,0.13033313804934218,0
689,0,18.0,0,0,7.7958,0,0,0,1,0.12081903351924672,0
690,1,15.0,0,1,211.3375,1,1,0,0,0.953512384168694,1
691,1,31.0,1,0,57.0,0,1,0,0,0.5456464290813248,1
692,1,4.0,0,1,13.4167,1,0,0,1,0.5870824720740789,1
693,1,0.0,0,0,56.4958,0,0,0,1,0.3763548886546577,0
694,0,25.0,0,0,7.225,0,0,0,1,0.10795375348315303,0
695,0,60.0,0,0,26.55,0,1,0,0,0.366937727928314,0
696,0,52.0,0,0,13.5,0,0,1,0,0.09279479773294112,0
697,0,44.0,0,0,8.05,0,0,0,1,0.12251248353499765,0
698,1,0.0,0,0,7.7333,1,0,0,1,0.5607370292671128,1
699,0,49.0,1,1,110.8833,0,1,0,0,0.507861723209174,1
700,0,42.0,0,0,7.65,0,0,0,1,0.087496640976977,0
701,1,18.0,1,0,227.525,1,1,0,0,0.9400020218510232,1
702,1,35.0,0,0,26.2875,0,1,0,0,0.498284676689377,0
703,0,18.0,0,1,14.4542,1,0,0,1,0.4475847102062772,0
704,0,25.0,0,0,7.7417,0,0,0,1,0.10793094550647181,0
705,0,26.0,1,0,7.8542,0,0,0,1,0.12154542564022006,0
706,0,39.0,0,0,26.0,0,0,1,0,0.18859047937980133,0
707,1,45.0,0,0,13.5,1,0,1,0,0.7961665567508471,1
708,1,42.0,0,0,26.2875,0,1,0,0,0.48467668045272017,0
709,1,22.0,0,0,151.55,1,1,0,0,0.9510425007228471,1
710,1,0.0,1,1,15.2458,0,0,0,1,0.422395397655386,0
711,1,24.0,0,0,49.5042,1,1,0,0,0.9148850647490655,1
712,0,0.0,0,0,26.55,0,1,0,0,0.4212393316518556,0
713,1,48.0,1,0,52.0,0,1,0,0,0.49134216327926994,0
714,0,29.0,0,0,9.4833,0,0,0,1,0.13410479605381756,0
715,0,52.0,0,0,13.0,0,0,1,0,0.092261097602065,0
716,0,19.0,0,0,7.65,0,0,0,1,0.10724961621889045,0
717,1,38.0,0,0,227.525,1,1,0,0,0.9666027966811324,1
718,1,27.0,0,0,10.5,1,0,1,0,0.7609775098871925,1
719,0,0.0,0,0,15.5,0,0,0,1,0.13169942860254685,0
720,0,33.0,0,0,7.775,0,0,0,1,0.09823071811258638,0
721,1,6.0,0,1,33.0,1,0,1,0,0.941114967076534,1
722,0,17.0,1,0,7.0542,0,0,0,1,0.09796377883502161,0
723,0,34.0,0,0,13.0,0,0,1,0,0.09979097967928006,0
724,0,50.0,0,0,13.0,0,0,1,0,0.09538019636426537,0
725,1,27.0,1,0,53.1,0,1,0,0,0.5143146164904774,1
726,0,20.0,0,0,8.6625,0,0,0,1,0.1288435590412594,0
727,1,30.0,3,0,21.0,1,0,1,0,0.8169222781731682,1
728,1,0.0,0,0,7.7375,1,0,0,1,0.566399804352227,1
729,0,25.0,1,0,26.0,0,0,1,0,0.21546836421580978,0
730,0,25.0,1,0,7.925,1,0,0,1,0.35988283471349203,0
731,1,29.0,0,0,211.3375,1,1,0,0,0.9662717848259728,1
732,0,11.0,0,0,18.7875,0,0,0,1,0.16836452046369066,0
733,0,0.0,0,0,0.0,0,0,1,0,0.12628765226100855,0
734,0,23.0,0,0,13.0,0,0,1,0,0.10750817623040908,0
735,0,23.0,0,0,13.0,0,0,1,0,0.10750817623040908,0
736,0,28.5,0,0,16.1,0,0,0,1,0.14494536598045601,0
737,0,48.0,1,3,34.375,1,0,0,1,0.21106615613370505,0
738,1,35.0,0,0,512.3292,0,1,0,0,0.5914563232821128,1
739,0,0.0,0,0,7.8958,0,0,0,1,0.11077547898773416,0
740,0,0.0,0,0,7.8958,0,0,0,1,0.11077547898773416,0
741,1,0.0,0,0,30.0,0,1,0,0,0.4406277782249351,0
742,0,36.0,1,0,78.85,0,1,0,0,0.5893932558132596,1
743,1,21.0,2,2,262.375,1,1,0,0,0.9121093194460989,1
744,0,24.0,1,0,16.1,0,0,0,1,0.14058717026734802,0
745,1,31.0,0,0,7.925,0,0,0,1,0.15760589164240818,0
746,0,70.0,1,1,71.0,0,1,0,0,0.38739655454982297,0
747,0,16.0,1,1,20.25,0,0,0,1,0.33587175534193214,0
748,1,30.0,0,0,13.0,1,0,1,0,0.823775234643504,1
749,0,19.0,1,0,53.1,0,1,0,0,0.4712121189278811,0
750,0,31.0,0,0,7.75,0,0,0,1,0.12705087237289278,0
751,1,4.0,1,1,23.0,1,0,1,0,0.9189022244952436,1
752,1,6.0,0,1,12.475,0,0,0,1,0.5452427131560427,1
753,0,33.0,0,0,9.5,0,0,0,1,0.11689889951053302,0
754,0,23.0,0,0,7.8958,0,0,0,1,0.11841697981338734,0
755,1,48.0,1,2,65.0,1,0,1,0,0.8804697794045202,1
756,1,0.67,1,1,14.5,0,0,1,0,0.7030805594625057,1
757,0,28.0,0,0,7.7958,0,0,0,1,0.1223640608473562,0
758,0,18.0,0,0,11.5,0,0,1,0,0.11113581677236936,0
759,0,34.0,0,0,8.05,0,0,0,1,0.11797676223518089,0
760,1,33.0,0,0,86.5,1,1,0,0,0.9723234358778899,1
761,0,0.0,0,0,14.5,0,0,0,1,0.14022578695975324,0
762,0,41.0,0,0,7.125,0,0,0,1,0.07769735065172943,0
763,1,20.0,0,0,7.2292,0,0,0,1,0.12898788652955898,0
764,1,36.0,1,2,120.0,1,1,0,0,0.9240312603869575,1
765,0,16.0,0,0,7.775,0,0,0,1,0.13233744541202688,0
766,1,51.0,1,0,77.9583,1,1,0,0,0.9613769610073089,1
767,0,0.0,0,0,39.6,0,1,0,0,0.38870821151038415,0
768,0,30.5,0,0,7.75,1,0,0,1,0.4107916385786684,0
769,0,0.0,1,0,24.15,0,0,0,1,0.1580027049346975,0
770,0,32.0,0,0,8.3625,0,0,0,1,0.14324451894110488,0
771,0,24.0,0,0,9.5,0,0,0,1,0.13171094271692033,0
772,0,48.0,0,0,7.8542,0,0,0,1,0.10301252835761507,0
773,0,57.0,0,0,10.5,1,0,1,0,0.5754556765645638,1
774,0,0.0,0,0,7.225,0,0,0,1,0.12165966755498753,0
775,1,54.0,1,3,23.0,1,0,1,0,0.8169346815448221,1
776,0,18.0,0,0,7.75,0,0,0,1,0.12769018509819066,0
777,0,0.0,0,0,7.75,0,0,0,1,0.12454141060364722,0
778,1,5.0,0,0,12.475,1,0,0,1,0.5496418174325345,1
779,0,0.0,0,0,7.7375,0,0,0,1,0.11982998061043827,0
780,1,43.0,0,1,211.3375,1,1,0,0,0.9621776328950694,1
781,1,13.0,0,0,7.2292,1,0,0,1,0.5665885749540851,1
782,1,17.0,1,0,57.0,1,1,0,0,0.9535042660502531,1
783,0,29.0,0,0,30.0,0,1,0,0,0.4892464017541574,0
784,0,0.0,1,2,23.45,0,0,0,1,0.39897892734353746,0
785,0,25.0,0,0,7.05,0,0,0,1,0.09442096549269163,0
786,0,25.0,0,0,7.25,0,0,0,1,0.11519205563523931,0
787,1,18.0,0,0,7.4958,1,0,0,1,0.5185744579794748,1
788,0,8.0,4,1,29.125,0,0,0,1,0.19266034161189788,0
789,1,1.0,1,2,20.575,0,0,0,1,0.5285595822931096,1
790,0,46.0,0,0,79.2,0,1,0,0,0.556370790244361,1
791,0,0.0,0,0,7.75,0,0,0,1,0.12635149658363456,0
792,0,16.0,0,0,26.0,0,0,1,0,0.23383071799137287,0
793,0,0.0,8,2,69.55,1,0,0,1,0.16159586657557345,0
794,0,0.0,0,0,30.6958,0,1,0,0,0.41779594343165355,0
795,0,25.0,0,0,7.8958,0,0,0,1,0.11836476710728396,0
796,0,39.0,0,0,13.0,0,0,1,0,0.09972587317163494,0
797,1,49.0,0,0,25.9292,1,1,0,0,0.8425646785570537,1
798,1,31.0,0,0,8.6833,1,0,0,1,0.3503015657424213,0
799,0,30.0,0,0,7.2292,0,0,0,1,0.1171627697660722,0
800,0,30.0,1,1,24.15,1,0,0,1,0.3418431857201477,0
801,0,34.0,0,0,13.0,0,0,1,0,0.10062636006568199,0
802,1,31.0,1,1,26.25,1,0,1,0,0.8746131264389889,1
803,1,11.0,1,2,120.0,0,1,0,0,0.6457843824642455,1
804,1,0.42,0,1,8.5167,0,0,0,1,0.529635917560435,1
805,1,27.0,0,0,6.975,0,0,0,1,0.09869257380304924,0
806,0,31.0,0,0,7.775,0,0,0,1,0.12723463781913238,0
807,0,39.0,0,0,0.0,0,1,0,0,0.18476021561300526,0
808,0,18.0,0,0,7.775,1,0,0,1,0.45803007352124925,0
809,0,39.0,0,0,13.0,0,0,1,0,0.10136116277785938,0
810,1,33.0,1,0,53.1,1,1,0,0,0.9442622822249626,1
811,0,26.0,0,0,7.8875,0,0,0,1,0.12416210738570276,0
812,0,39.0,0,0,24.15,0,0,0,1,0.1382676688866063,0
813,0,35.0,0,0,10.5,0,0,1,0,0.09023437865181284,0
814,0,6.0,4,2,31.275,1,0,0,1,0.1784466336197642,0
815,0,30.5,0,0,8.05,0,0,0,1,0.14147545368017883,0
816,0,0.0,0,0,0.0,0,1,0,0,0.16535619339898053,0
817,0,23.0,0,0,7.925,1,0,0,1,0.4124848787962076,0
818,0,31.0,1,1,37.0042,0,0,1,0,0.4480115024365881,0
819,0,43.0,0,0,6.45,0,0,0,1,0.07759736225308458,0
820,0,10.0,3,2,27.9,0,0,0,1,0.1757230964743608,0
821,1,52.0,1,1,93.5,1,1,0,0,0.9616893535684871,1
822,1,27.0,0,0,8.6625,0,0,0,1,0.14757633593842975,0
823,0,38.0,0,0,0.0,0,1,0,0,0.18699146828626603,0
824,1,27.0,0,1,12.475,1,0,0,1,0.4782048729323464,0
825,0,2.0,4,1,39.6875,0,0,0,1,0.20619751536968406,0
826,0,0.0,0,0,6.95,0,0,0,1,0.12035317256662402,0
827,0,0.0,0,0,56.4958,0,0,0,1,0.33125927809462763,0
828,1,1.0,0,2,37.0042,0,0,1,0,0.6761213297187141,1
829,1,0.0,0,0,7.75,0,0,0,1,0.1569810527532138,0
830,1,62.0,0,0,80.0,1,1,0,0,0.9540058452937858,1
831,1,15.0,1,0,14.4542,1,0,0,1,0.4458357328738422,0
832,1,0.83,1,1,18.75,0,0,1,0,0.7373697487019952,1
833,0,0.0,0,0,7.2292,0,0,0,1,0.14566453462442347,0
834,0,23.0,0,0,7.8542,0,0,0,1,0.12212858982992184,0
835,0,18.0,0,0,8.3,0,0,0,1,0.13843266813854013,0
836,1,39.0,1,1,83.1583,1,1,0,0,0.9647663379276511,1
837,0,21.0,0,0,8.6625,0,0,0,1,0.13233062477102156,0
838,0,0.0,0,0,8.05,0,0,0,1,0.1483799114990941,0
839,1,32.0,0,0,56.4958,0,0,0,1,0.3891044759714873,0
840,1,0.0,0,0,29.7,0,1,0,0,0.4775727178742002,0
841,0,20.0,0,0,7.925,0,0,0,1,0.14288890461134432,0
842,0,16.0,0,0,10.5,0,0,1,0,0.11942918870804556,0
843,1,30.0,0,0,31.0,1,1,0,0,0.8918902765074957,1
844,0,34.5,0,0,6.4375,0,0,0,1,0.08149340035288202,0
845,0,17.0,0,0,8.6625,0,0,0,1,0.1404481002885715,0
846,0,42.0,0,0,7.55,0,0,0,1,0.09580592668636237,0
847,0,0.0,8,2,69.55,0,0,0,1,0.18824682294167755,0
848,0,35.0,0,0,7.8958,0,0,0,1,0.10306195656998822,0
849,0,28.0,0,1,33.0,0,0,1,0,0.46469373621752763,0
850,1,0.0,1,0,89.1042,1,1,0,0,0.9615729403188314,1
851,0,4.0,4,2,31.275,0,0,0,1,0.21548311687330624,0
852,0,74.0,0,0,7.775,0,0,0,1,0.09669960956430904,0
853,0,9.0,1,1,15.2458,1,0,0,1,0.4647239307803543,0
854,1,16.0,0,1,39.4,1,1,0,0,0.9156581560054129,1
855,0,44.0,1,0,26.0,1,0,1,0,0.7140379861031676,1
856,1,18.0,0,1,9.35,1,0,0,1,0.44793533020940807,0
857,1,45.0,1,1,164.8667,1,1,0,0,0.9382058622619435,1
858,1,51.0,0,0,26.55,0,1,0,0,0.5028977320783513,1
859,1,24.0,0,3,19.2583,1,0,0,1,0.5137816858370211,1
860,0,0.0,0,0,7.2292,0,0,0,1,0.14055239273826964,0
861,0,41.0,2,0,14.1083,0,0,0,1,0.12144841481238365,0
862,0,21.0,1,0,11.5,0,0,1,0,0.12101833645360684,0
863,1,48.0,0,0,25.9292,1,1,0,0,0.8446699309103071,1
864,0,0.0,8,2,69.55,1,0,0,1,0.17496794495489787,0
865,0,24.0,0,0,13.0,0,0,1,0,0.11528465480982641,0
866,1,42.0,0,0,13.0,1,0,1,0,0.7536669237506208,1
867,1,27.0,1,0,13.8583,1,0,1,0,0.696826601510495,1
868,0,31.0,0,0,50.4958,0,1,0,0,0.47658942140767413,0
869,0,0.0,0,0,9.5,0,0,0,1,0.1546095466867785,0
870,1,4.0,1,1,11.1333,0,0,0,1,0.5567735610322079,1
871,0,26.0,0,0,7.8958,0,0,0,1,0.12314311182688263,0
872,1,47.0,1,1,52.5542,1,1,0,0,0.9253715403661376,1
873,0,33.0,0,0,5.0,0,1,0,0,0.19065722150528636,0
874,0,47.0,0,0,9.0,0,0,0,1,0.11942345385644694,0
875,1,28.0,1,0,24.0,1,0,1,0,0.7907437496163463,1
876,1,15.0,0,0,7.225,1,0,0,1,0.5736430555075243,1
877,0,20.0,0,0,9.8458,0,0,0,1,0.14525775157600726,0
878,0,19.0,0,0,7.8958,0,0,0,1,0.1304209402340474,0
879,0,0.0,0,0,7.8958,0,0,0,1,0.14683118880231324,0
880,1,56.0,0,1,83.1583,1,1,0,0,0.960775561119925,1
881,1,25.0,0,1,26.0,1,0,1,0,0.8870075815502441,1
882,0,33.0,0,0,7.8958,0,0,0,1,0.10907720437271706,0
883,0,22.0,0,0,10.5167,1,0,0,1,0.42416075600665926,0
884,0,28.0,0,0,10.5,0,0,1,0,0.11106861587019194,0
885,0,25.0,0,0,7.05,0,0,0,1,0.09850466092454438,0
886,0,39.0,0,5,29.125,1,0,0,1,0.21510162801625363,0
887,0,27.0,0,0,13.0,0,0,1,0,0.12470188499797175,0
888,1,19.0,0,0,30.0,1,1,0,0,0.8933086965021465,1
889,0,0.0,1,2,23.45,1,0,0,1,0.4577017675408381,0
890,1,26.0,0,0,30.0,0,1,0,0,0.5283380582333538,1
891,0,32.0,0,0,7.75,0,0,0,1,0.13251931883831336,0
